not.fully.paid,proportion
0,0.8398590446358654
1,0.1601409553641347
